timestamp,tagger,tagged
12:49:45,nikki,loki
12:49:49,marudhu,nikki
12:49:51,loki,shru
12:49:53,nitin,loki
12:49:55,nitin,marudhu
12:49:56,nikki,shru
12:49:59,nitin,nikki
12:50:04,nitin,shru
12:50:07,nikki,nitin
12:50:10,nikki,shru
12:50:15,shru,nikki
12:50:16,marudhu,shru
12:50:20,loki,nikki
12:50:25,nikki,loki
12:50:29,nikki,shru
12:50:31,nikki,loki
12:50:34,loki,shru
12:50:38,nitin,nikki
12:50:40,marudhu,shru
12:50:47,nikki,shru
12:50:47,loki,nitin
12:50:53,loki,nikki
12:50:54,marudhu,loki
12:50:57,shru,marudhu
12:50:58,nikki,shru
12:51:03,marudhu,nitin
12:51:03,shru,loki
12:51:15,shru,loki
12:51:16,nitin,shru
12:51:16,nitin,marudhu
12:51:22,shru,loki
12:51:26,marudhu,shru
12:51:27,nikki,nitin
12:51:29,marudhu,loki
12:51:32,nitin,nikki
12:51:36,loki,nitin
12:51:37,marudhu,shru
12:51:43,nitin,loki
12:51:44,shru,nitin
12:51:45,marudhu,nikki
12:51:50,shru,nitin
12:51:50,nikki,marudhu
12:51:55,nitin,nikki
12:52:00,nikki,shru
12:52:01,nikki,marudhu
12:52:05,loki,nikki
12:52:06,nitin,loki
12:52:11,loki,nikki
12:52:17,marudhu,loki
12:52:23,loki,marudhu
12:52:29,nikki,shru
12:52:30,nitin,marudhu
12:52:34,shru,nikki
12:52:37,nitin,marudhu
12:52:41,nikki,loki
12:52:43,nitin,marudhu
12:52:48,shru,nikki
12:52:49,nitin,marudhu
12:52:50,loki,nitin
12:52:53,nikki,loki
12:52:55,shru,nitin
12:52:59,marudhu,loki
12:53:00,nitin,shru
12:53:02,nitin,nikki
12:53:06,loki,nitin
12:53:07,shru,loki
12:53:10,marudhu,shru
12:53:12,nikki,loki
12:53:14,marudhu,nitin
12:53:16,nikki,shru
12:53:18,nikki,loki
12:53:22,marudhu,nitin
12:53:23,shru,loki
12:53:25,shru,marudhu
12:53:28,loki,nikki
12:53:28,nikki,nitin
12:53:30,shru,marudhu
12:53:34,loki,shru
12:53:35,nikki,marudhu
12:53:41,nitin,nikki
12:53:42,loki,shru
12:53:46,nitin,nikki
12:53:49,marudhu,shru
12:53:51,loki,marudhu
12:53:55,nikki,loki
12:53:56,nitin,shru
12:54:01,nitin,loki
12:54:02,marudhu,nikki
12:54:05,shru,marudhu
12:54:06,loki,shru
12:54:11,nitin,loki
12:54:15,nikki,marudhu
12:54:16,shru,loki
12:54:19,nikki,shru
12:54:21,nikki,marudhu
12:54:24,nikki,loki
12:54:28,marudhu,nikki
12:54:30,marudhu,loki
12:54:36,marudhu,shru
12:54:36,shru,loki
12:54:38,nitin,marudhu
12:54:41,nikki,loki
12:54:44,nikki,shru
12:54:44,nitin,marudhu
12:54:47,loki,nikki
12:54:50,loki,shru
12:54:52,nitin,marudhu
12:54:58,shru,nitin
12:55:03,loki,shru
12:55:07,marudhu,nikki
12:55:11,nitin,loki
12:55:14,nikki,marudhu
12:55:16,nitin,shru
12:55:19,loki,nikki
12:55:20,marudhu,loki
12:55:22,nitin,shru
12:55:28,shru,loki
12:55:29,nikki,nitin
12:55:29,shru,loki
12:55:34,loki,shru
12:55:34,nikki,nitin
12:55:37,loki,shru
12:55:40,nitin,nikki
12:55:42,marudhu,loki
12:55:44,marudhu,shru
12:55:47,nikki,loki
12:55:53,nikki,marudhu
12:55:59,nikki,shru
12:56:04,shru,nikki
12:56:10,shru,nikki
12:56:15,nikki,nitin
12:56:15,shru,marudhu
12:56:15,marudhu,shru
12:56:18,loki,nikki
12:56:21,nitin,shru
12:56:24,nikki,loki
12:56:27,nitin,shru
12:56:31,nikki,loki
12:56:33,nitin,shru
12:56:38,nitin,loki
12:56:39,nikki,nitin
12:56:43,shru,nikki
12:56:45,shru,marudhu
12:56:49,nikki,loki
12:56:51,marudhu,nitin
12:56:53,nikki,shru
12:56:56,nikki,marudhu
12:56:57,loki,nikki
12:57:02,nitin,marudhu
12:57:03,loki,shru
12:57:03,shru,nikki
12:57:08,nikki,shru
12:57:08,nikki,nitin
12:57:12,nikki,loki
12:57:15,shru,nikki
12:57:18,nitin,loki
12:57:21,nikki,marudhu
12:57:21,nitin,shru
12:57:24,loki,nikki
12:57:27,nitin,shru
12:57:29,nikki,loki
12:57:30,marudhu,nikki
12:57:35,nikki,marudhu
12:57:36,loki,nitin
12:57:41,nikki,marudhu
12:57:42,loki,shru
12:57:45,nitin,nikki
12:57:48,nitin,shru
12:57:51,nikki,loki
12:57:55,nikki,shru
12:57:57,nikki,loki
12:57:59,nikki,nitin
12:58:01,shru,nikki
12:58:05,nitin,shru
12:58:07,marudhu,nitin
12:58:07,nikki,marudhu
12:58:10,loki,shru
12:58:12,nikki,nitin
12:58:14,marudhu,nikki
12:58:16,marudhu,loki
12:58:18,nitin,shru
12:58:19,nikki,nitin
12:58:23,marudhu,nikki
12:58:25,loki,shru
12:58:27,marudhu,loki
12:58:28,marudhu,nitin
12:58:29,nikki,marudhu
12:58:33,nitin,nikki
12:58:34,loki,shru
12:58:35,loki,marudhu
12:58:38,nikki,loki
12:58:40,marudhu,nikki
12:58:43,marudhu,nitin
12:58:43,marudhu,loki
12:58:46,marudhu,shru
12:58:48,nikki,marudhu
12:58:51,shru,nitin
12:58:54,nikki,nitin
12:58:54,nikki,shru
12:58:55,marudhu,nikki
12:58:58,marudhu,loki
12:58:59,nitin,loki
12:59:00,nitin,shru
12:59:04,nikki,loki
12:59:06,shru,marudhu
12:59:09,marudhu,loki
12:59:15,shru,loki
12:59:16,marudhu,nikki
12:59:16,nitin,shru
12:59:20,nitin,loki
12:59:22,nikki,nitin
12:59:22,nikki,shru
12:59:26,loki,marudhu
12:59:27,nitin,nikki
12:59:32,shru,nikki
12:59:32,loki,nitin
12:59:32,nitin,shru
12:59:37,marudhu,loki
12:59:38,shru,marudhu
12:59:39,nikki,shru
12:59:42,loki,nikki
12:59:42,nikki,nitin
12:59:46,shru,loki
12:59:47,shru,nitin
12:59:48,nikki,shru
12:59:53,loki,shru
12:59:53,nikki,nitin
12:59:54,marudhu,nikki
12:59:59,marudhu,shru
13:00:00,nitin,nikki
13:00:05,loki,nikki
13:00:06,shru,marudhu
13:00:11,loki,shru
13:00:15,loki,marudhu
13:00:17,nitin,shru
13:00:20,marudhu,loki
13:00:23,nitin,nikki
13:00:26,shru,loki
13:00:29,nitin,nikki
13:00:34,nikki,shru
13:00:39,marudhu,loki
13:00:39,nikki,shru
13:00:45,loki,nikki
13:00:45,nitin,shru
13:00:50,shru,loki
13:00:51,nikki,marudhu
13:00:53,nitin,loki
13:00:58,loki,shru
13:00:59,loki,nikki
13:01:04,loki,marudhu
13:01:05,nikki,shru
13:01:11,shru,nikki
13:01:13,marudhu,loki
13:01:13,nitin,shru
13:01:18,shru,loki
13:01:24,marudhu,shru
13:01:24,loki,marudhu
13:01:29,nitin,nikki
13:01:31,nitin,shru
13:01:36,nikki,nitin
13:01:38,loki,marudhu
13:01:38,shru,nikki
13:01:39,loki,shru
13:01:43,loki,nikki
13:01:44,nitin,shru
13:01:48,loki,marudhu
13:01:49,nikki,nitin
13:01:53,marudhu,shru
13:01:54,nitin,nikki
13:01:55,nitin,loki
13:01:58,marudhu,nitin
13:02:00,nikki,marudhu
13:02:03,shru,loki
13:02:06,nitin,marudhu
13:02:07,nikki,nitin
13:02:11,marudhu,nikki
13:02:12,nitin,loki
13:02:12,nitin,shru
13:02:18,loki,nikki
13:02:18,loki,shru
13:02:19,marudhu,nitin
13:02:19,nitin,loki
13:02:24,nikki,loki
13:02:24,nitin,nikki
13:02:26,shru,marudhu
13:02:30,nikki,nitin
13:02:31,nikki,shru
13:02:33,loki,nikki
13:02:36,marudhu,loki
13:02:38,nikki,nitin
13:02:42,nikki,loki
13:02:44,marudhu,shru
13:02:47,loki,nitin
13:02:47,nikki,marudhu
13:02:50,nikki,shru
13:02:53,nikki,loki
13:02:53,marudhu,nikki
13:02:57,marudhu,nitin
13:03:01,marudhu,nikki
13:03:02,marudhu,loki
13:03:03,shru,marudhu
13:03:07,nikki,shru
13:03:09,nikki,loki
13:03:09,nitin,nikki
13:03:15,marudhu,nikki
13:03:15,loki,nitin
13:03:15,nitin,loki
13:03:20,marudhu,shru
13:03:23,marudhu,nikki
13:03:25,marudhu,nitin
13:03:28,nikki,marudhu
13:03:31,shru,marudhu
13:03:33,shru,nikki
13:03:35,nitin,shru
13:03:41,nitin,shru
13:03:45,marudhu,nikki
13:03:47,nitin,shru
13:03:49,nitin,marudhu
13:03:51,nitin,nikki
13:03:55,nitin,marudhu
13:03:57,nikki,nitin
13:04:00,marudhu,nikki
13:04:04,marudhu,nitin
13:04:07,nikki,shru
13:04:13,nikki,shru
13:04:14,nitin,loki
13:04:20,loki,shru
13:04:22,nitin,loki
13:04:26,marudhu,nitin
13:04:27,nikki,shru
13:04:31,nikki,marudhu
13:04:31,nitin,nikki
13:04:33,nitin,shru
13:04:36,nikki,loki
13:04:41,marudhu,nitin
13:04:41,marudhu,shru
13:04:41,nikki,marudhu
13:04:43,nikki,loki
13:04:48,nikki,nitin
13:04:50,nikki,shru
13:04:52,loki,marudhu
13:04:53,nitin,nikki
13:04:56,nitin,shru
13:04:58,nikki,nitin
13:05:00,nikki,loki
13:05:05,marudhu,nitin
13:05:06,nikki,marudhu
13:05:10,nitin,nikki
13:05:11,shru,nitin
13:05:13,nitin,loki
13:05:15,nikki,marudhu
13:05:16,nitin,nikki
13:05:21,nikki,shru
13:05:31,loki,nitin
13:05:32,loki,nikki
13:05:37,nikki,loki
13:05:43,loki,shru
13:05:45,nitin,marudhu
13:05:45,nikki,nitin
13:05:50,nitin,nikki
13:05:51,marudhu,nitin
13:05:52,loki,marudhu
13:05:53,shru,loki
13:05:56,nitin,nikki
13:05:57,shru,marudhu
13:05:58,nitin,shru
13:06:00,nitin,shru
13:06:03,nikki,marudhu
13:06:04,nikki,loki
13:06:07,nikki,shru
13:06:12,nikki,loki
13:06:12,nitin,marudhu
13:06:15,nikki,shru
13:06:18,nitin,loki
13:06:22,nikki,shru
13:06:23,nikki,loki
13:06:27,shru,marudhu
13:06:28,shru,loki
13:06:33,marudhu,shru
13:06:35,loki,nikki
13:06:38,shru,nitin
13:06:39,marudhu,loki
13:06:39,shru,marudhu
13:06:43,nitin,shru
13:06:44,nikki,loki
13:06:45,nitin,marudhu
13:06:48,nikki,shru
13:06:49,nitin,nikki
13:06:52,marudhu,loki
13:06:55,nitin,shru
13:06:57,nikki,loki
13:07:00,nikki,shru
13:07:01,nitin,nikki
13:07:04,nitin,loki
13:07:06,marudhu,shru
13:07:06,nikki,nitin
13:07:10,loki,nikki
13:07:11,nitin,loki
13:07:15,nitin,shru
13:07:17,nikki,marudhu
13:07:20,loki,nikki
13:07:25,marudhu,loki
13:07:29,shru,nikki
13:07:30,shru,loki
13:07:33,nitin,shru
13:07:35,nikki,nitin
13:07:37,loki,nikki
13:07:40,loki,nitin
13:07:45,nikki,nitin
13:07:51,nikki,nitin
13:07:56,nikki,shru
13:07:57,nitin,nikki
13:08:01,shru,nitin
13:08:02,loki,nikki
13:08:03,loki,marudhu
13:08:08,nikki,shru
13:08:09,marudhu,loki
13:08:14,nikki,marudhu
13:08:18,loki,nitin
13:08:19,shru,loki
13:08:20,marudhu,nikki
13:08:24,shru,loki
13:08:25,nikki,marudhu
13:08:29,nikki,nitin
13:08:30,loki,shru
13:08:30,nikki,loki
13:08:35,nitin,nikki
13:08:36,marudhu,nitin
13:08:38,loki,shru
13:08:40,marudhu,loki
13:08:42,nikki,marudhu
13:08:45,nitin,loki
13:08:47,nikki,nitin
13:08:50,shru,nikki
13:08:55,nikki,loki
13:08:55,nikki,shru
13:08:56,nitin,marudhu
13:09:01,loki,nikki
13:09:01,loki,shru
13:09:02,marudhu,nitin
13:09:08,marudhu,nitin
13:09:11,shru,loki
13:09:13,nikki,nitin
13:09:15,marudhu,nikki
13:09:17,shru,loki
13:09:19,marudhu,nitin
13:09:21,nikki,marudhu
13:09:28,nitin,shru
13:09:30,nikki,nitin
13:09:35,nikki,shru
13:09:36,nikki,nitin
13:09:37,nikki,loki
13:09:42,nikki,nitin
13:09:43,nikki,loki
13:09:50,nikki,loki
13:09:54,nitin,nikki
13:09:56,loki,shru
13:09:56,marudhu,loki
13:10:02,marudhu,loki
13:10:06,nikki,shru
13:10:08,nikki,nitin
13:10:12,nikki,loki
13:10:13,marudhu,nitin
13:10:13,nitin,nikki
13:10:18,nitin,shru
13:10:19,nikki,marudhu
13:10:21,nikki,nitin
13:10:25,loki,marudhu
13:10:26,nikki,shru
13:10:28,loki,nitin
13:10:31,shru,nikki
13:10:33,marudhu,nitin
13:10:37,nikki,shru
13:10:38,nitin,marudhu
13:10:42,loki,nitin
13:10:45,nikki,shru
13:10:50,marudhu,shru
13:10:55,loki,nitin
13:10:59,nikki,loki
13:11:00,nikki,shru
13:11:05,nitin,marudhu
13:11:06,loki,nikki
13:11:11,nikki,loki
13:11:12,nitin,shru
13:11:13,marudhu,nitin
13:11:18,loki,nikki
13:11:18,marudhu,loki
13:11:20,marudhu,nitin
13:11:25,marudhu,shru
13:11:27,nikki,nitin
13:11:32,nikki,shru
13:11:33,nikki,nitin
13:11:35,loki,marudhu
13:11:40,loki,nikki
13:11:40,shru,loki
13:11:45,nikki,loki
13:11:45,nitin,marudhu
13:11:51,nitin,nikki
13:11:53,marudhu,nitin
13:11:54,marudhu,loki
13:11:58,nikki,marudhu
13:12:01,loki,shru
13:12:01,loki,nitin
13:12:03,nikki,marudhu
13:12:09,nikki,marudhu
13:12:10,nitin,loki
13:12:15,nikki,loki
13:12:20,nikki,loki
13:12:21,marudhu,nitin
13:12:23,shru,nikki
13:12:27,marudhu,nitin
13:12:28,marudhu,nikki
13:12:35,loki,nitin
13:12:37,nikki,loki
13:12:42,loki,nitin
13:12:42,nikki,shru
13:12:44,loki,nikki
13:12:49,nikki,loki
13:12:54,nikki,loki
13:12:56,shru,nitin
13:12:57,marudhu,shru
13:12:58,marudhu,nikki
13:13:01,loki,marudhu
13:13:02,nitin,shru
13:13:03,loki,nikki
13:13:04,nitin,loki
13:13:10,nitin,nikki
13:13:16,shru,loki
13:13:21,shru,nitin
13:13:22,marudhu,loki
13:13:25,nikki,shru
13:13:28,marudhu,loki
13:13:31,nitin,shru
13:13:33,nikki,nitin
13:13:33,loki,marudhu
13:13:38,loki,shru
13:13:39,nikki,nitin
13:13:42,marudhu,loki
13:13:48,loki,nitin
13:13:48,shru,loki
13:13:53,marudhu,shru
13:13:53,nikki,loki
13:13:57,nitin,nikki
13:13:58,loki,nitin
13:13:59,marudhu,loki
13:14:03,nitin,nikki
13:14:04,marudhu,nitin
13:14:13,loki,shru
13:14:14,nikki,loki
13:14:18,nikki,shru
13:14:18,nitin,marudhu
13:14:23,nikki,shru
13:14:25,marudhu,nitin
13:14:25,nitin,loki
13:14:30,shru,loki
13:14:33,marudhu,shru
13:14:39,shru,loki
13:14:49,marudhu,shru
13:14:51,nitin,nikki
13:14:58,marudhu,shru
13:14:58,nikki,loki
13:15:04,nitin,loki
13:15:06,nitin,nikki
13:15:15,shru,marudhu
13:15:18,nitin,shru
13:15:26,nikki,shru
13:15:31,loki,shru
13:15:33,nitin,loki
13:15:40,nikki,shru
13:15:46,shru,loki
13:15:51,nitin,loki
13:15:53,nikki,loki
13:15:56,nikki,nitin
13:15:58,shru,nikki
13:16:02,shru,nitin
13:16:04,marudhu,loki
13:16:09,loki,marudhu
13:16:09,marudhu,nikki
13:16:10,loki,marudhu
13:16:10,shru,loki
13:16:14,marudhu,nikki
13:16:15,shru,loki
13:16:18,nitin,shru
13:16:21,nitin,loki
13:16:24,nitin,nikki
13:16:26,loki,shru
13:16:29,nikki,nitin
13:16:31,marudhu,nikki
13:16:34,nitin,loki
13:16:39,loki,nitin
13:16:43,shru,loki
13:16:44,loki,nikki
13:16:45,shru,nitin
13:16:46,marudhu,loki
13:16:49,nikki,shru
13:16:51,nitin,nikki
13:16:56,nikki,nitin
13:16:57,loki,nikki
13:16:57,nikki,shru
13:17:00,marudhu,loki
13:17:05,marudhu,loki
13:17:05,nitin,marudhu
13:17:07,nikki,nitin
13:17:10,loki,shru
13:17:13,nikki,nitin
13:17:18,loki,shru
13:17:18,nitin,marudhu
13:17:22,nikki,loki
13:17:26,shru,nitin
13:17:28,nikki,loki
13:17:32,nitin,marudhu
13:17:33,shru,loki
13:17:38,nikki,loki
13:17:39,nitin,shru
13:17:42,nitin,nikki
13:17:44,loki,shru
13:17:46,marudhu,nitin
13:17:51,nikki,nitin
13:17:52,loki,nikki
13:17:54,loki,shru
13:17:57,nikki,loki
13:17:59,marudhu,nitin
13:18:00,marudhu,shru
13:18:03,nikki,loki
13:18:04,nitin,loki
13:18:07,nikki,shru
13:18:07,marudhu,nitin
13:18:12,nitin,shru
13:18:14,nikki,marudhu
13:18:19,nikki,shru
13:18:24,marudhu,shru
13:18:24,nikki,marudhu
13:18:29,nikki,shru
13:18:35,nikki,marudhu
13:18:39,nikki,shru
13:18:41,loki,marudhu
13:18:45,loki,shru
13:18:47,nikki,marudhu
13:18:50,nitin,loki
13:18:55,shru,nitin
13:18:56,nikki,marudhu
13:18:58,loki,shru
13:18:59,nikki,loki
13:19:02,marudhu,nitin
13:19:03,nikki,marudhu
13:19:04,loki,shru
13:19:08,nikki,nitin
13:19:09,loki,nikki
13:19:13,marudhu,loki
13:19:14,nitin,shru
13:19:17,nikki,nitin
13:19:21,nikki,marudhu
13:19:24,nitin,shru
13:19:28,marudhu,nikki
13:19:33,marudhu,shru
13:19:34,nikki,nitin
13:19:35,nikki,marudhu
